A,C,G,T,date,promoter,strain,media,condition,mutregion,bincount,TF,position
-0.10154339948958499,0.0509014131943221,-0.03286167795689968,0.08350366425216257,20160710,xylE,MG1655,M9xylose,na,mut2,4,XylR,6
0.0278040521610873,-0.06629409845678515,0.06587946648345136,-0.027389420187753494,20160710,xylE,MG1655,M9xylose,na,mut2,4,XylR,7
0.049043406333552364,-0.05763217479007989,-0.008330534734558062,0.016919303191085575,20160710,xylE,MG1655,M9xylose,na,mut2,4,XylR,8
-0.10417522006216363,0.04959811054840438,0.025087438090354092,0.029489671423405164,20160710,xylE,MG1655,M9xylose,na,mut2,4,XylR,9
-0.07651547318600589,0.06076356814356662,-0.026344848346532453,0.042096753388971724,20160710,xylE,MG1655,M9xylose,na,mut2,4,XylR,10
-0.10455999975488574,0.08850827824024302,0.06563869612070214,-0.04958697460605945,20160710,xylE,MG1655,M9xylose,na,mut2,4,XylR,11
0.02840669293468291,0.09586043294440849,0.03988057895392119,-0.16414770483301258,20160710,xylE,MG1655,M9xylose,na,mut2,4,XylR,12
-0.12618333925665307,-0.007981787980068083,0.2818167669359156,-0.14765163969919448,20160710,xylE,MG1655,M9xylose,na,mut2,4,XylR,13
0.013698484506090318,-0.017629379066187695,0.0759971110342083,-0.07206621647411095,20160710,xylE,MG1655,M9xylose,na,mut2,4,XylR,14
0.08510487969368909,-0.142167843106367,0.039517082356041545,0.017545881056636337,20160710,xylE,MG1655,M9xylose,na,mut2,4,XylR,15
-0.09164532062386174,0.05499986645051503,-0.1218701453695896,0.15851559954293634,20160710,xylE,MG1655,M9xylose,na,mut2,4,XylR,16
-0.07642061869038878,0.03825329685269279,0.11203703015538109,-0.0738697083176851,20160710,xylE,MG1655,M9xylose,na,mut2,4,XylR,17
-0.17869882654553257,0.0574682671304616,0.06923401542037634,0.051996543994694666,20160710,xylE,MG1655,M9xylose,na,mut2,4,XylR,18
-0.18793716963322307,0.04430700144075709,0.10378727794225219,0.0398428902502138,20160710,xylE,MG1655,M9xylose,na,mut2,4,XylR,19
